distance,Average_Confidence,Accuracy,Count
0,0.7954882535480035,0.0,774
1,0.9207981808899497,1.0,380
2,0.90755353442687,1.0,181
3,0.9471778826680006,1.0,139
4,0.9525843930789536,1.0,120
5,0.9410068490070781,1.0,98
