window,state_drifted,ear_correct,fa_correct,N
1,False,0.9565217391304348,0.9565217391304348,23
1,True,0.0,0.0,8
3,False,0.8823529411764706,0.9019607843137255,51
3,True,0.23809523809523808,0.2857142857142857,21
5,False,0.8369565217391305,0.8478260869565217,92
5,True,0.3076923076923077,0.358974358974359,39
