{
    "current_accuracy": 0.654610492845787,
    "max_transition_accuracy": 0.8032591414944356,
    "gate1_passed": false,
    "gate2_passed": true
}