novel,Quotes,baseline_accuracy,semantic_accuracy,delta
DaisyMiller,550,0.88,0.9036363636363637,0.023636363636363678
PrideAndPrejudice,1270,0.7598425196850394,0.7708661417322835,0.011023622047244164
AlicesAdventuresInWonderland,696,0.8175287356321839,0.7974137931034483,-0.02011494252873558
