{
    "candidate_is_recent_mention": 0.076553384625989,
    "candidate_is_previous_speaker": 0.05087892156307736,
    "candidate_is_explicit_mention": 0.029022692361859746,
    "conv_interruption_distance": 0.013096245338679147,
    "candidate_is_last_speaker": 0.010114148108287969,
    "candidate_in_participant_stack": 0.008834938438682771,
    "candidate_stack_depth": 0.008708810390586597,
    "nearest_coref_dist": 0.005945601816676205,
    "candidate_in_quote_chain": 0.0040020785622642665,
    "discourse_context_length": 0.002714327400174299,
    "chain_recency": 0.002162435747616054,
    "lexical_quote_length_tokens": 0.0019829650857557056,
    "recent_mention_count": 0.0015986138150894558,
    "conversation_speaker_change": 0.001160701427362887,
    "lexical_quote_length_chars": 0.0006675355152278462,
    "addressee_recency": 0.0001241138449846524,
    "conversation_length": 0.0001046749972042349,
    "speaker_addressee_transition": 4.592542005865674e-06,
    "conversation_turn_index": 0.0,
    "discourse_dialogue_position": 0.0,
    "conv_active_id": 0.0,
    "candidate_was_addressed": -9.137410564630244e-07,
    "lexical_has_exclamation": -1.9268017930063053e-06,
    "lexical_has_question_mark": -2.921984987229731e-05
}