{
    "Baseline": {
        "Accuracy": 0.8072337042925278,
        "Precision": 0.7327647476901208,
        "Recall": 0.8884101680310211,
        "F1": 0.8031158714703018,
        "PR-AUC": 0.9154839537642896,
        "LogLoss": 0.21257890581913244
    },
    "Experimental": {
        "Accuracy": 0.8056438791732909,
        "Precision": 0.7394746311622886,
        "Recall": 0.8853942266264541,
        "F1": 0.8058823529411765,
        "PR-AUC": 0.9158983261718482,
        "LogLoss": 0.2082272903385995
    },
    "Runtime_Seconds": 1252.098378419876,
    "Peak_Memory_MB": 459.531312
}