distance,Average_Confidence,Accuracy,Count
0,0.691552257153474,0.0,488
1,0.9396207595272593,1.0,299
2,0.9467494000016745,1.0,229
3,0.9550815629486497,1.0,183
4,0.9489182017888439,1.0,155
5,0.9473922823707014,1.0,126
