distance,Average_Confidence,Accuracy,Count
0,0.7727549165796209,0.0,869
1,0.9307625768894106,1.0,405
2,0.8410612174365982,1.0,162
3,0.9568579379253068,1.0,121
4,0.9629578892340847,1.0,105
5,0.9580669003857859,1.0,91
