min_quotes,overall_accuracy,implicit_accuracy,explicit_accuracy
1,65.30206677265501,59.10878112712975,76.08503100088573
3,64.3879173290938,57.14285714285714,76.61647475642161
5,65.18282988871225,59.8951507208388,76.2621789193977
10,64.98410174880763,58.45347313237221,76.43932683790965
20,65.46104928457869,60.15727391874181,76.2621789193977
