{
    "accuracy_delta": -0.002782193958664525,
    "accuracy_ci95": [
        -0.009141494435612074,
        0.003577106518283024
    ],
    "implicit_delta": -0.002883922134102379,
    "implicit_ci95": [
        -0.012492894299788268,
        0.007321586904504134
    ],
    "mcnemar": {
        "recovered": 26,
        "regressed": 33,
        "p_value": 0.43472400072864315
    }
}