{
    "total_quotes": 37131,
    "candidate_recall": 0.8829010799601411,
    "oracle_accuracy": 0.8829010799601411,
    "avg_candidate_set_size": 3.6456599606797555,
    "median_candidate_set_size": 3.0,
    "p95_candidate_set_size": 7.0,
    "max_candidate_set_size": 20,
    "rare_speaker_recall": 0.44494047619047616,
    "frequent_speaker_recall": 0.8909734222002798,
    "novel_recall": {
        "ARoomWithAView": 0.8800489596083231,
        "HardTimes": 0.8818069306930693,
        "NorthangerAbbey": 0.8836104513064132,
        "WinnieThePooh": 0.8771331058020477,
        "TheMysteriousAffairAtStyles": 0.9032778076303063,
        "AlicesAdventuresInWonderland": 0.8565279770444764,
        "TheSignOfTheFour": 0.915625,
        "AnneOfGreenGables": 0.8879598662207357,
        "TheGambler": 0.8878748370273793,
        "Emma": 0.8851224105461394,
        "MansfieldPark": 0.8228176318063959,
        "ThePictureOfDorianGray": 0.9231426131511529,
        "DaisyMiller": 0.9109090909090909,
        "TheManWhoWasThursday": 0.8448060075093867,
        "WhereAngelsFearToTread": 0.927,
        "HowardsEnd": 0.9121258633921719,
        "SenseAndSensibility": 0.8626728110599078,
        "TheInvisibleMan": 0.8982300884955752,
        "Persuasion": 0.819672131147541,
        "TheAwakening": 0.9023972602739726,
        "OliverTwist": 0.8521939953810623,
        "TheSportOfTheGods": 0.8296875,
        "TheAgeOfInnocence": 0.8951902368987796,
        "AHandfulOfDust": 0.860504920838682,
        "NightAndDay": 0.9167862266857962,
        "APassageToIndia": 0.8624587847385775,
        "PrideAndPrejudice": 0.8535433070866142,
        "TheSunAlsoRises": 0.9061302681992337
    }
}