{
    "candidate_is_recent_mention": 0.07337930642683757,
    "candidate_is_previous_speaker": 0.049893495534289324,
    "candidate_is_explicit_mention": 0.0247605789860613,
    "conv_interruption_distance": 0.013198004310076939,
    "candidate_is_last_speaker": 0.009856254627055661,
    "candidate_in_participant_stack": 0.009022152062800349,
    "candidate_stack_depth": 0.007989473703029114,
    "nearest_coref_dist": 0.004750074936698745,
    "candidate_in_quote_chain": 0.003927719904200377,
    "discourse_context_length": 0.002631459031923211,
    "chain_recency": 0.0019441946554491717,
    "lexical_quote_length_tokens": 0.00181705751940362,
    "candidate_is_attributed_speaker": 0.0015721629978971308,
    "recent_mention_count": 0.0014788819543889663,
    "conversation_speaker_change": 0.0012656346557352815,
    "lexical_quote_length_chars": 0.001025880920868283,
    "lexical_has_exclamation": 1.1080103507121742e-05,
    "conversation_turn_index": 0.0,
    "discourse_dialogue_position": 0.0,
    "conv_active_id": 0.0,
    "lexical_has_question_mark": -4.272732635981491e-05,
    "conversation_length": -0.00013538464227722536
}