{
    "Baseline": {
        "Accuracy": 0.8072337042925278,
        "Precision": 0.7327647476901208,
        "Recall": 0.8884101680310211,
        "F1": 0.8031158714703018,
        "PR-AUC": 0.9154839537642896,
        "LogLoss": 0.21257890581913244
    },
    "Experimental": {
        "Accuracy": 0.809220985691574,
        "Precision": 0.7369362920544023,
        "Recall": 0.8871176217147781,
        "F1": 0.8050830889540567,
        "PR-AUC": 0.9162363941479401,
        "LogLoss": 0.20962408654237172
    },
    "Runtime_Seconds": 938.5611107349396,
    "Peak_Memory_MB": 196.092877
}