progress,K1,K3,K5,K10,K20
0.0,33.33333333333333,33.33333333333333,33.33333333333333,33.33333333333333,33.33333333333333
0.1,0.0,0.0,0.0,0.0,0.0
0.25,0.0,0.0,0.0,0.0,0.0
0.5,0.0,0.0,0.0,0.0,0.0
0.75,0.0,0.0,0.0,0.0,0.0
1.0,0.0,0.0,0.0,0.0,0.0
