quote_position,K1,K3,K5,K10,K20
1,33.33333333333333,33.33333333333333,33.33333333333333,33.33333333333333,33.33333333333333
10,0.0,0.0,0.0,0.0,0.0
50,0.0,0.0,0.0,0.0,0.0
100,0.0,0.0,0.0,0.0,0.0
200,0.0,0.0,0.0,0.0,0.0
500,0.0,0.0,0.0,0.0,0.0
1000,0.0,0.0,0.0,0.0,0.0
