K,Accuracy,Implicit_Accuracy,Oracle_Survival
1,0.654610492845787,0.6002621231979031,0.0
3,0.6593799682034976,0.6199213630406291,0.0
5,0.654610492845787,0.6081258191349934,0.0
10,0.654610492845787,0.6199213630406291,0.0
20,0.6565977742448331,0.6251638269986893,0.0
