Type,Count,Accuracy,LogLoss
Explicit named,1450,0.9241379310344827,0.16770198102609754
Explicit nominal,163,0.8711656441717791,0.1802873215987238
Explicit pronoun,708,0.7824858757062146,0.2690733313288458
